NAME,FPTS_WK1,FPTS_WK2,FPTS_WK3,FPTS_WK4,FPTS_WK5,FPTS_WK6,FPTS_WK7,FPTS_WK8,FPTS_WK9,FPTS_WK10,FPTS_WK11,FPTS_WK12,FPTS_WK13,FPTS_WK14,FPTS_WK15,FPTS_WK16,FPTS_WK17,FPTS_WK18,TEAM
AJ Barner,1.2,10.8,3.3,12.2,24.3,10.1,1.9,0.0,11.5,0.3,17.1,3.8,7.7,5.7,5.7,15.0,13.3,3.4,SEA
Adam Trautman,1.5,10.0,0.0,5.2,2.1,0.0,0.0,0.0,4.5,1.2,1.8,0.0,7.7,3.7,0.0,3.4,4.4,0.0,DEN
Anthony Firkser,0.0,0.0,0.0,0.0,0.0,0.0,0.0,0.0,0.0,0.0,0.0,0.0,1.4,1.7,0.0,8.0,0.0,2.2,DET
Austin Hooper,2.0,6.8,4.8,3.4,0.0,1.5,9.1,5.8,3.0,0.0,0.0,6.9,0.0,0.0,0.0,5.4,9.1,1.5,NE
Ben Sims,0.0,0.0,0.0,0.0,0.0,0.0,0.0,0.0,0.0,0.0,0.0,0.0,0.0,1.9,0.0,0.0,1.3,2.8,MIN
Ben Sinnott,0.0,1.7,0.0,0.0,0.0,0.0,0.0,3.2,0.0,7.4,0.0,0.0,0.0,1.8,4.6,1.5,5.9,2.3,WAS
Ben Yurosek,0.0,0.0,0.0,0.0,0.0,0.0,0.0,1.5,0.0,0.0,0.0,0.0,0.0,0.0,0.0,0.0,0.0,1.9,MIN
Blake Whiteheart,0.0,0.0,0.0,0.0,0.0,1.0,1.4,0.0,0.0,0.0,0.0,0.0,0.0,0.0,0.0,0.0,0.0,0.0,CLE
Brenden Bates,0.0,0.0,0.0,0.0,4.3,0.0,0.0,0.0,0.0,0.0,0.0,0.0,0.0,0.0,0.0,0.0,2.9,1.6,CLE
Brenton Strange,9.9,4.7,12.1,10.5,3.2,0.0,0.0,0.0,0.0,0.0,0.0,14.3,13.5,5.7,3.6,14.9,8.4,17.2,JAX
Brevyn Spann-Ford,0.0,1.3,0.0,0.0,0.0,1.2,0.0,1.9,0.0,0.0,1.4,7.4,0.0,1.7,0.0,0.0,4.1,5.0,DAL
CJ Dippre,0.0,0.0,0.0,0.0,0.0,0.0,0.0,0.0,0.0,0.0,0.0,0.0,0.0,0.0,0.0,0.0,0.0,0.0,NE
Cade Otton,0.0,5.5,0.0,3.9,12.1,10.1,13.5,8.0,0.0,17.2,4.8,6.1,2.9,4.9,0.0,3.5,7.3,22.4,TB
Cade Stover,6.2,0.0,0.0,0.0,0.0,0.0,0.0,0.0,0.0,0.0,0.0,0.0,3.9,0.0,5.2,2.7,0.0,1.9,HOU
Cameron Latu,0.0,0.0,0.0,0.0,0.0,0.0,0.0,0.0,0.0,0.0,0.0,0.0,0.0,0.0,0.0,0.0,0.0,0.0,PHI
Carter Runyon,0.0,0.0,0.0,0.0,0.0,0.0,1.3,0.0,0.0,0.0,0.0,0.0,0.0,0.0,0.0,0.0,0.0,0.0,LV
Charlie Kolar,0.0,0.0,4.2,0.0,2.0,0.0,0.0,8.0,10.3,3.3,0.0,0.0,2.7,2.9,0.0,2.8,0.0,0.0,BAL
Charlie Woerner,0.0,0.0,0.5,0.0,0.0,0.0,0.0,0.0,0.0,2.4,0.0,5.4,0.0,0.0,3.2,1.3,0.0,0.0,ATL
Chig Okonkwo,4.9,7.5,11.6,1.4,8.8,10.6,0.0,9.3,3.0,0.0,8.6,7.0,6.9,4.0,7.3,16.4,14.5,2.2,TEN
Chris Manhertz,0.0,0.0,1.7,0.0,0.0,0.0,0.0,0.0,0.0,0.0,0.0,0.0,0.0,0.0,0.0,0.0,0.0,0.0,NYG
Colby Parkinson,-0.6,0.0,0.0,3.7,0.0,0.0,7.7,0.0,3.0,14.1,9.4,14.1,6.7,12.2,24.5,4.1,11.3,19.6,LAR
Cole Kmet,4.1,4.9,8.0,7.6,0.0,1.0,2.6,0.0,2.0,1.5,9.5,1.3,12.6,6.2,4.8,3.4,3.6,5.6,CHI
Cole Turner,0.0,0.0,0.0,0.0,0.0,0.0,0.0,0.0,0.0,0.0,0.0,0.0,0.0,0.0,0.0,0.0,0.0,0.0,TEN
Colson Yankoff,0.0,0.0,0.0,0.0,0.0,0.0,0.0,0.0,0.0,0.0,1.4,0.0,2.4,0.0,0.0,0.0,0.0,0.0,WAS
Colston Loveland,3.2,0.0,4.1,0.0,0.0,3.1,5.4,6.8,29.8,9.5,7.0,14.9,5.8,12.9,10.1,6.0,21.4,25.1,CHI
Connor Heyward,0.0,1.6,0.0,0.2,0.0,8.2,0.0,0.0,0.4,0.0,0.3,0.0,0.0,0.2,6.4,0.0,2.6,7.5,PIT
Dalton Kincaid,14.8,7.7,17.6,9.8,16.8,0.0,0.0,3.3,22.1,5.7,0.0,0.0,0.0,14.1,6.4,0.0,0.0,7.8,BUF
Dalton Schultz,5.8,5.9,8.9,8.0,11.0,0.0,18.8,4.4,13.7,18.3,11.1,1.8,12.5,5.2,21.6,14.5,4.9,11.3,HOU
Daniel Bellinger,2.4,0.0,1.6,2.3,9.2,0.0,17.8,3.1,0.0,1.8,0.0,0.0,0.0,0.0,6.5,0.0,3.1,11.8,NYG
David Martin-Robinson,0.0,0.0,0.0,0.0,0.0,7.1,0.0,0.0,0.0,0.0,0.0,0.0,0.0,1.6,0.0,0.0,1.9,2.4,TEN
Davis Allen,8.3,7.8,1.3,1.0,4.4,1.7,1.4,0.0,6.7,8.8,0.0,5.9,1.4,4.1,4.6,5.4,0.0,0.0,LAR
Dawson Knox,4.0,3.9,0.0,0.0,3.5,8.9,0.0,2.5,4.0,6.7,3.3,4.7,5.8,17.3,18.7,2.0,8.0,10.4,BUF
Devin Culp,0.0,0.0,0.0,0.0,0.0,0.0,0.0,0.0,0.0,0.0,0.0,0.0,0.0,0.0,7.6,0.0,0.0,0.0,TB
Drake Dabney,0.0,0.0,0.0,0.0,0.0,0.0,0.0,0.0,0.0,0.0,0.0,0.0,0.0,0.0,0.0,0.0,0.0,1.3,GB
Drew Sample,0.0,1.7,10.0,0.0,0.9,0.8,0.0,0.0,0.0,0.0,0.0,1.0,2.7,0.0,3.2,5.1,1.8,4.7,CIN
Durham Smythe,0.0,0.0,0.0,0.0,0.0,0.0,0.0,0.0,0.0,0.0,1.8,1.4,0.0,1.2,0.0,0.0,2.1,0.0,CHI
Elijah Higgins,1.3,6.5,1.7,0.0,3.0,5.4,1.3,0.0,6.0,3.9,1.1,0.0,3.7,1.0,1.3,16.1,0.0,5.8,ARI
Eric Saubert,0.0,0.0,2.2,0.0,0.0,0.0,0.0,0.0,0.0,0.0,0.0,0.0,0.0,0.0,1.9,2.0,0.0,3.0,SEA
Evan Engram,5.1,2.2,0.0,6.9,13.3,9.9,9.2,7.6,0.0,3.2,7.3,0.0,13.9,2.8,2.2,5.6,6.1,7.5,DEN
Feleipe Franks,0.0,0.0,0.0,0.0,0.0,0.2,0.0,0.0,0.0,0.0,0.0,0.2,0.0,0.0,0.0,0.0,0.0,0.0,ATL
George Kittle,12.5,0.0,0.0,0.0,0.0,0.0,0.0,14.3,6.9,23.4,24.7,13.8,10.7,0.0,22.8,24.5,0.0,7.9,SF
Grant Calcaterra,0.0,1.6,0.0,2.6,3.8,0.0,0.0,0.0,0.0,0.0,0.0,1.8,0.0,0.0,1.4,0.0,1.3,10.1,PHI
Greg Dulcich,0.0,0.0,0.0,0.0,0.0,0.0,0.0,0.0,9.9,3.2,3.8,0.0,4.4,7.1,6.6,5.6,16.1,6.1,MIA
Harrison Bryant,0.0,0.0,0.0,0.0,1.5,0.0,0.0,0.0,1.2,0.0,0.0,0.0,0.0,0.0,0.0,0.0,0.0,0.0,HOU
Hunter Henry,10.6,1.9,29.0,11.9,6.6,5.7,7.3,7.7,9.1,1.9,8.5,24.5,11.3,0.0,2.8,15.5,13.9,10.6,NE
Ian Thomas,0.0,0.0,0.0,0.0,5.0,1.4,0.0,0.0,1.9,0.0,3.0,7.6,1.8,3.7,0.0,0.0,0.0,0.0,LV
Isaiah Likely,0.0,0.0,0.0,0.0,2.2,2.6,0.0,2.8,9.0,3.7,3.5,2.0,12.5,12.5,0.0,0.0,5.7,5.2,BAL
Jackson Hawes,3.9,1.5,7.5,2.5,0.0,0.0,0.0,3.5,2.8,9.6,0.0,4.6,2.0,7.3,1.9,4.6,0.0,1.0,BUF
Jake Ferguson,7.3,16.8,21.2,17.0,23.9,12.3,21.9,0.0,8.0,0.0,11.6,11.1,8.6,10.8,3.6,4.9,7.6,1.5,DAL
Jake Tonges,10.5,7.1,4.1,14.8,17.1,11.8,0.0,7.2,0.0,0.0,0.0,0.0,0.0,0.0,0.0,1.7,19.0,0.0,SF
James Mitchell,0.0,0.0,0.0,3.7,2.1,0.0,0.0,0.0,0.0,0.0,0.0,0.0,0.0,0.0,0.0,0.0,0.0,0.0,CAR
Jared Wiley,0.0,0.0,0.0,0.0,0.0,0.0,0.0,0.0,0.0,0.0,0.0,0.0,1.4,0.0,0.0,0.0,0.0,0.0,KC
Jeremy Ruckert,3.6,7.5,0.0,3.3,6.8,0.0,0.0,3.4,0.0,1.0,6.3,0.0,3.2,3.9,3.3,3.4,1.2,0.0,NYJ
John Bates,0.0,0.0,0.0,0.0,1.9,0.0,1.5,3.2,4.0,1.6,0.0,0.0,2.9,0.0,2.9,0.0,0.0,9.3,WAS
Johnny Mundt,0.0,0.0,1.7,0.0,1.7,2.4,1.9,0.0,0.0,3.1,4.5,2.2,0.0,0.0,0.0,0.0,0.0,2.6,JAX
Jonnu Smith,12.5,6.7,5.3,2.6,0.0,5.8,11.8,3.7,5.5,1.4,0.0,5.8,1.6,0.0,10.6,2.8,7.7,1.4,PIT
Josh Oliver,1.5,0.0,8.2,0.0,11.5,0.0,1.9,0.0,0.0,0.0,0.7,1.4,0.0,16.4,2.8,3.9,1.8,4.9,MIN
Josh Whyle,0.0,0.0,0.0,0.0,0.0,0.0,0.0,0.0,0.0,0.0,7.2,1.1,0.0,3.1,0.0,0.0,1.8,1.4,GB
Josiah Deguara,0.0,0.0,0.0,0.0,0.0,0.0,0.0,0.0,0.0,0.0,0.0,1.6,0.0,0.0,0.0,0.0,0.0,9.5,ARI
Julian Hill,2.0,0.0,1.4,2.9,6.2,6.1,1.1,0.0,0.0,0.0,2.4,0.0,0.0,0.0,4.5,0.0,2.6,1.8,MIA
Juwan Johnson,15.6,15.9,11.1,5.8,3.7,1.5,12.9,10.3,12.1,19.2,0.0,10.6,8.9,7.8,7.0,16.9,13.5,7.1,NO
Keleki Latu,0.0,0.0,0.0,0.0,0.0,0.0,0.0,0.0,0.0,0.0,1.4,0.0,0.0,0.0,0.0,0.0,0.0,6.1,BUF
Kyle Pitts Sr.,12.9,7.7,7.9,18.0,0.0,4.8,13.2,14.9,7.8,5.8,3.4,4.5,15.2,15.0,45.6,18.7,3.6,11.8,ATL
Kylen Granson,1.1,1.5,0.0,0.0,0.0,0.0,0.0,0.0,0.0,0.0,1.4,0.0,0.0,0.0,0.0,0.0,0.0,7.0,PHI
Luke Farrell,1.4,9.5,0.0,2.0,1.8,0.0,2.1,0.0,1.9,9.5,0.0,1.3,0.0,0.0,0.0,0.0,0.0,0.0,SF
Luke Musgrave,1.4,5.2,0.0,1.6,0.0,1.7,0.0,1.5,6.4,5.3,0.9,1.7,3.3,4.2,9.2,6.8,0.0,0.0,GB
Luke Schoonmaker,0.0,0.0,1.5,2.8,1.3,1.8,0.0,4.5,2.4,0.0,0.0,0.0,1.1,2.2,3.9,0.0,3.5,2.2,DAL
Mark Andrews,1.5,1.4,27.1,10.0,4.2,6.6,0.0,6.4,16.6,10.4,15.7,2.1,8.7,1.9,3.8,4.4,6.8,3.4,BAL
Michael Mayer,7.8,2.9,0.0,0.0,0.0,16.0,2.0,0.0,5.6,5.2,4.3,2.4,0.0,0.0,0.0,2.0,17.9,7.7,LV
Mike Gesicki,2.4,4.8,1.6,1.8,3.5,0.0,0.0,0.0,0.0,0.0,0.0,7.5,3.9,20.6,2.1,12.5,6.7,3.3,CIN
Mitchell Evans,0.0,1.9,1.9,11.3,7.4,3.1,4.4,0.0,0.0,0.0,4.8,0.0,5.0,0.0,0.0,5.3,1.6,1.5,CAR
Mo Alie-Cox,3.0,1.8,0.0,0.0,0.0,2.6,1.6,0.0,0.0,0.0,0.0,1.9,0.0,0.0,0.0,3.6,11.0,5.2,IND
Moliki Matavao,0.0,0.0,0.0,0.0,0.0,0.0,0.0,0.0,0.0,0.0,0.0,0.0,0.0,0.0,0.0,0.0,3.0,0.0,NO
Nate Adkins,0.0,0.0,0.0,2.5,0.0,10.3,4.0,0.0,0.0,0.0,0.0,0.0,0.0,0.0,0.0,0.0,0.0,0.0,DEN
Nick Vannett,0.0,0.0,0.0,0.0,0.0,0.0,0.0,0.0,0.0,0.0,0.0,0.0,0.0,0.0,0.0,0.0,0.0,0.0,LAR
Nikola Kalinic,0.0,0.0,0.0,0.0,0.0,0.0,0.0,0.0,0.0,0.0,0.0,0.0,0.0,0.0,0.0,0.0,0.0,0.0,CHI
Noah Fant,12.6,5.8,5.6,0.0,0.0,6.7,14.4,7.1,10.8,0.0,6.6,1.9,1.3,2.5,0.0,0.0,0.0,-0.5,CIN
Noah Gray,1.3,1.1,4.7,1.1,0.0,4.5,3.8,4.3,0.0,0.0,2.9,5.5,0.0,2.4,0.0,0.0,1.2,6.0,KC
Oronde Gadsden,0.0,0.0,9.6,3.6,2.4,11.8,29.4,18.7,11.8,4.3,6.1,0.0,3.7,1.7,10.1,1.7,12.2,4.3,LAC
Pat Freiermuth,5.8,6.1,1.6,0.0,0.0,2.1,28.1,4.3,11.7,6.3,2.9,10.9,0.0,2.9,7.5,6.0,9.3,8.1,PIT
Payne Durham,0.0,0.0,0.0,0.0,0.0,0.0,0.0,0.0,0.0,0.0,0.0,0.0,2.1,0.0,0.0,0.0,0.0,0.0,TB
Pharaoh Brown,0.0,0.0,0.0,0.0,0.0,0.0,0.0,0.0,0.0,0.0,0.0,0.0,0.0,0.0,2.1,0.0,0.0,0.0,ARI
Quintin Morris,0.0,0.0,0.0,0.0,0.0,0.0,0.0,0.0,0.0,0.0,2.1,0.0,2.4,0.0,4.0,1.5,0.0,7.5,JAX
Robert Tonyan,0.0,0.0,0.0,0.0,0.0,0.0,0.0,0.0,0.0,0.0,1.1,0.0,0.0,0.0,0.0,0.0,0.0,0.0,KC
Sal Cannella,0.0,0.0,0.0,0.0,0.0,0.0,0.0,0.0,0.0,0.0,0.0,0.0,0.0,0.0,0.0,0.0,3.1,0.0,CLE
Sean McKeon,0.0,0.0,0.0,0.0,0.0,0.0,0.0,0.0,0.0,0.0,0.0,0.0,0.0,0.0,0.0,0.0,0.0,0.0,IND
Shane Zylstra,0.0,0.0,0.0,0.0,0.0,0.0,0.0,0.0,0.0,0.0,0.0,0.0,0.0,0.0,0.0,5.0,0.0,0.0,DET
Stone Smartt,0.0,0.0,0.0,0.0,0.0,0.0,0.0,0.0,0.0,0.0,0.0,0.0,0.0,0.0,0.0,8.4,3.8,0.0,NYJ
Tanner Hudson,0.0,0.0,0.0,0.0,0.0,11.0,0.0,1.9,6.2,0.0,5.2,1.9,8.4,2.1,4.6,1.4,5.1,0.0,CIN
Teagan Quitoriano,0.0,0.0,0.0,0.0,0.0,0.0,0.0,0.0,0.0,0.0,0.0,0.0,0.0,0.0,0.0,0.0,0.0,0.0,ATL
Tommy Tremble,1.2,5.0,3.6,15.2,1.7,7.9,1.0,1.4,0.0,0.0,6.4,0.0,1.2,0.0,3.3,1.6,1.6,12.8,CAR
Travis Kelce,12.7,10.1,6.6,9.8,19.1,13.8,8.4,21.9,12.6,0.0,24.1,8.4,15.5,1.8,14.0,1.6,8.6,4.2,KC
Trey McBride,12.1,13.8,15.3,12.2,9.1,21.2,29.4,0.0,16.5,27.7,27.5,16.9,22.2,10.8,37.4,6.7,23.6,13.5,ARI
Treyton Welch,0.0,0.0,0.0,0.0,0.0,0.0,0.0,0.0,0.0,0.0,0.0,0.0,0.0,0.0,0.0,0.0,0.0,0.0,NO
Tyler Conklin,7.2,0.0,0.0,1.3,5.0,0.0,0.0,0.0,0.0,2.2,0.0,0.0,0.0,0.0,0.0,0.0,0.0,1.6,LAC
Tyler Higbee,0.0,7.7,0.0,4.5,0.0,14.0,4.9,0.0,10.3,6.3,3.3,0.0,0.0,0.0,0.0,0.0,0.0,20.1,LAR
Tyler Warren,14.9,11.9,6.8,18.3,14.4,18.3,16.9,9.3,7.6,17.9,0.0,9.5,11.2,3.7,4.9,6.0,9.3,7.6,IND
Will Dissly,2.8,1.7,0.0,0.0,0.0,3.8,0.0,0.0,0.0,0.0,0.0,0.0,0.0,1.1,0.0,5.8,3.9,1.6,LAC
Zach Horton,0.0,0.0,0.0,0.0,0.0,0.0,0.0,0.0,0.0,0.0,0.0,0.0,0.0,0.0,0.0,0.0,0.0,0.0,DET
